{"cameraMode":{"drawMode":0,"name":"Shaded","section":"Shading Mode"},"sceneLighting":true,"audioPlay":false,"sceneViewState":{"m_AlwaysRefresh":false,"showFog":true,"showSkybox":true,"showFlares":true,"showImageEffects":true,"showParticleSystems":true,"showVisualEffectGraphs":true,"m_FxEnabled":true},"in2DMode":false,"pivot":{"x":-2.4527578353881838,"y":0.9910000562667847,"z":-0.6426520347595215},"rotation":{"x":0.42929792404174807,"y":0.2887653410434723,"z":-0.14703883230686189,"w":0.8430397510528565},"size":6.390052795410156,"orthographic":false}