{"cameraMode":{"drawMode":0,"name":"Shaded","section":"Shading Mode"},"sceneLighting":true,"audioPlay":false,"sceneViewState":{"m_AlwaysRefresh":false,"showFog":true,"showSkybox":true,"showFlares":true,"showImageEffects":true,"showParticleSystems":true,"showVisualEffectGraphs":true,"m_FxEnabled":true},"in2DMode":false,"pivot":{"x":0.3042867183685303,"y":0.9771404266357422,"z":1.4798455238342286},"rotation":{"x":-0.4762613773345947,"y":-0.09801165014505387,"z":0.05351706221699715,"w":-0.8721872568130493},"size":5.817648887634277,"orthographic":false}