{"cameraMode":{"drawMode":0,"name":"Shaded","section":"Shading Mode"},"sceneLighting":false,"audioPlay":false,"sceneViewState":{"m_AlwaysRefresh":false,"showFog":true,"showSkybox":false,"showFlares":true,"showImageEffects":true,"showParticleSystems":true,"showVisualEffectGraphs":true,"m_FxEnabled":true},"in2DMode":false,"pivot":{"x":-0.057777971029281619,"y":0.0042319223284721378,"z":0.013096094131469727},"rotation":{"x":-0.034633319824934009,"y":-0.09818580746650696,"z":0.0034161447547376158,"w":-0.9945622086524963},"size":0.7071067690849304,"orthographic":false}