{"cameraMode":{"drawMode":0,"name":"Shaded","section":"Shading Mode"},"sceneLighting":false,"audioPlay":false,"sceneViewState":{"m_AlwaysRefresh":false,"showFog":true,"showSkybox":false,"showFlares":true,"showImageEffects":true,"showParticleSystems":true,"showVisualEffectGraphs":true,"m_FxEnabled":true},"in2DMode":false,"pivot":{"x":-0.6966661214828491,"y":-0.35257625579833987,"z":-1.0845527648925782},"rotation":{"x":0.38462725281715395,"y":0.00582486717030406,"z":-0.002426275284960866,"w":0.923060953617096},"size":1.0499999523162842,"orthographic":false}