{"cameraMode":{"drawMode":0,"name":"Shaded","section":"Shading Mode"},"sceneLighting":false,"audioPlay":false,"sceneViewState":{"m_AlwaysRefresh":false,"showFog":true,"showSkybox":false,"showFlares":true,"showImageEffects":true,"showParticleSystems":true,"showVisualEffectGraphs":true,"m_FxEnabled":true},"in2DMode":false,"pivot":{"x":-1.9351780414581299,"y":2.138871431350708,"z":-4.792105197906494},"rotation":{"x":0.24434766173362733,"y":0.08453647792339325,"z":-0.021385760977864267,"w":0.9657720923423767},"size":1.2247449159622193,"orthographic":false}